file,label
train_0000.jpg,bad
train_0001.jpg,bad
train_0002.jpg,good
train_0003.jpg,good
train_0004.jpg,bad
train_0005.jpg,bad
train_0006.jpg,bad
train_0007.jpg,bad
train_0008.jpg,good
train_0009.jpg,bad
train_0010.jpg,bad
train_0011.jpg,bad
train_0012.jpg,bad
train_0013.jpg,good
train_0014.jpg,good
train_0015.jpg,bad
train_0016.jpg,bad
train_0017.jpg,bad
train_0018.jpg,bad
train_0019.jpg,good
train_0020.jpg,bad
train_0021.jpg,good
train_0022.jpg,good
train_0023.jpg,bad
train_0024.jpg,bad
train_0025.jpg,good
train_0026.jpg,good
train_0027.jpg,good
train_0028.jpg,good
train_0029.jpg,good
train_0030.jpg,good
train_0031.jpg,good
train_0032.jpg,good
train_0033.jpg,good
train_0034.jpg,good
train_0035.jpg,good
train_0036.jpg,good
train_0037.jpg,good
train_0038.jpg,good
train_0039.jpg,good
train_0040.jpg,good
train_0041.jpg,good
train_0042.jpg,bad
train_0043.jpg,good
train_0044.jpg,good
train_0045.jpg,good
train_0046.jpg,bad
train_0047.jpg,good
train_0048.jpg,good
train_0049.jpg,good
train_0050.jpg,good
train_0051.jpg,good
train_0052.jpg,good
train_0053.jpg,good
train_0054.jpg,good
train_0055.jpg,good
train_0056.jpg,good
train_0057.jpg,good
train_0058.jpg,good
train_0059.jpg,good
train_0060.jpg,bad
train_0061.jpg,good
train_0062.jpg,good
train_0063.jpg,good
train_0064.jpg,good
train_0065.jpg,bad
train_0066.jpg,good
train_0067.jpg,good
train_0068.jpg,good
train_0069.jpg,good
train_0070.jpg,good
train_0071.jpg,good
train_0072.jpg,good
train_0073.jpg,good
train_0074.jpg,good
train_0075.jpg,good
train_0076.jpg,good
train_0077.jpg,good
train_0078.jpg,good
train_0079.jpg,good
train_0080.jpg,good
train_0081.jpg,good
train_0082.jpg,good
train_0083.jpg,good
train_0084.jpg,good
train_0085.jpg,bad
train_0086.jpg,good
train_0087.jpg,good
train_0088.jpg,good
train_0089.jpg,bad
train_0090.jpg,good
train_0091.jpg,good
train_0092.jpg,none
train_0093.jpg,good
train_0094.jpg,bad
train_0095.jpg,bad
train_0096.jpg,good
train_0097.jpg,good
train_0098.jpg,good
train_0099.jpg,good
train_0100.jpg,good
train_0101.jpg,good
train_0102.jpg,good
train_0103.jpg,good
train_0104.jpg,good
train_0105.jpg,good
train_0106.jpg,good
train_0107.jpg,bad
train_0108.jpg,good
train_0109.jpg,good
train_0110.jpg,bad
train_0111.jpg,good
train_0112.jpg,good
train_0113.jpg,good
train_0114.jpg,good
train_0115.jpg,good
train_0116.jpg,good
train_0117.jpg,good
train_0118.jpg,good
train_0119.jpg,good
train_0120.jpg,good
train_0121.jpg,good
train_0122.jpg,good
train_0123.jpg,bad
train_0124.jpg,good
train_0125.jpg,good
train_0126.jpg,bad
train_0127.jpg,bad
train_0128.jpg,good
train_0129.jpg,good
train_0130.jpg,good
train_0131.jpg,bad
train_0132.jpg,bad
train_0133.jpg,good
train_0134.jpg,bad
train_0135.jpg,good
train_0136.jpg,good
train_0137.jpg,good
train_0138.jpg,bad
train_0139.jpg,bad
train_0140.jpg,none
train_0141.jpg,good
train_0142.jpg,good
train_0143.jpg,good
train_0144.jpg,bad
train_0145.jpg,good
train_0146.jpg,bad
train_0147.jpg,bad
train_0148.jpg,good
train_0149.jpg,good
train_0150.jpg,good
train_0151.jpg,good
train_0152.jpg,bad
train_0153.jpg,bad
train_0154.jpg,bad
train_0155.jpg,bad
train_0156.jpg,none
train_0157.jpg,bad
train_0158.jpg,good
train_0159.jpg,good
train_0160.jpg,good
train_0161.jpg,good
train_0162.jpg,good
train_0163.jpg,good
train_0164.jpg,bad
train_0165.jpg,good
train_0166.jpg,good
train_0167.jpg,good
train_0168.jpg,good
train_0169.jpg,good
train_0170.jpg,good
train_0171.jpg,good
train_0172.jpg,good
train_0173.jpg,good
train_0174.jpg,good
train_0175.jpg,none
train_0176.jpg,good
train_0177.jpg,good
train_0178.jpg,good
train_0179.jpg,good
train_0180.jpg,good
train_0181.jpg,good
train_0182.jpg,good
train_0183.jpg,good
train_0184.jpg,good
train_0185.jpg,good
train_0186.jpg,good
train_0187.jpg,good
train_0188.jpg,good
train_0189.jpg,good
train_0190.jpg,none
train_0191.jpg,good
train_0192.jpg,good
train_0193.jpg,good
train_0194.jpg,good
train_0195.jpg,good
train_0196.jpg,good
train_0197.jpg,good
train_0198.jpg,good
train_0199.jpg,good
train_0200.jpg,good
train_0201.jpg,good
train_0202.jpg,good
train_0203.jpg,good
train_0204.jpg,good
train_0205.jpg,good
train_0206.jpg,bad
train_0207.jpg,bad
train_0208.jpg,good
train_0209.jpg,good
train_0210.jpg,good
train_0211.jpg,good
train_0212.jpg,good
train_0213.jpg,bad
train_0214.jpg,bad
train_0215.jpg,bad
train_0216.jpg,good
train_0217.jpg,bad
train_0218.jpg,bad
train_0219.jpg,bad
train_0220.jpg,bad
train_0221.jpg,bad
train_0222.jpg,good
train_0223.jpg,good
train_0224.jpg,good
train_0225.jpg,good
train_0226.jpg,good
train_0227.jpg,good
train_0228.jpg,good
train_0229.jpg,good
train_0230.jpg,good
train_0231.jpg,good
train_0232.jpg,good
train_0233.jpg,good
train_0234.jpg,good
train_0235.jpg,good
train_0236.jpg,good
train_0237.jpg,bad
train_0238.jpg,good
train_0239.jpg,good
train_0240.jpg,good
train_0241.jpg,good
train_0242.jpg,good
train_0243.jpg,good
train_0244.jpg,good
train_0245.jpg,none
train_0246.jpg,good
train_0247.jpg,good
train_0248.jpg,bad
train_0249.jpg,bad
train_0250.jpg,none
train_0251.jpg,bad
train_0252.jpg,none
train_0253.jpg,bad
train_0254.jpg,bad
train_0255.jpg,good
train_0256.jpg,good
train_0257.jpg,good
train_0258.jpg,good
train_0259.jpg,good
train_0260.jpg,bad
train_0261.jpg,bad
train_0262.jpg,good
train_0263.jpg,good
train_0264.jpg,good
train_0265.jpg,good
train_0266.jpg,bad
train_0267.jpg,bad
train_0268.jpg,good
train_0269.jpg,good
train_0270.jpg,good
train_0271.jpg,good
train_0272.jpg,good
train_0273.jpg,good
train_0274.jpg,good
train_0275.jpg,good
train_0276.jpg,good
train_0277.jpg,good
train_0278.jpg,good
train_0279.jpg,bad
train_0280.jpg,good
train_0281.jpg,none
train_0282.jpg,good
train_0283.jpg,good
train_0284.jpg,good
train_0285.jpg,good
train_0286.jpg,good
train_0287.jpg,good
train_0288.jpg,good
train_0289.jpg,good
train_0290.jpg,good
train_0291.jpg,good
train_0292.jpg,good
train_0293.jpg,good
train_0294.jpg,good
train_0295.jpg,good
train_0296.jpg,good
train_0297.jpg,good
train_0298.jpg,good
train_0299.jpg,bad
train_0300.jpg,bad
train_0301.jpg,good
train_0302.jpg,good
train_0303.jpg,bad
train_0304.jpg,good
train_0305.jpg,good
train_0306.jpg,good
train_0307.jpg,good
train_0308.jpg,good
train_0309.jpg,good
train_0310.jpg,good
train_0311.jpg,good
train_0312.jpg,good
train_0313.jpg,good
train_0314.jpg,good
train_0315.jpg,good
train_0316.jpg,good
train_0317.jpg,good
train_0318.jpg,good
train_0319.jpg,none
train_0320.jpg,good
train_0321.jpg,good
train_0322.jpg,good
train_0323.jpg,good
train_0324.jpg,good
train_0325.jpg,good
train_0326.jpg,none
train_0327.jpg,good
train_0328.jpg,good
train_0329.jpg,bad
train_0330.jpg,good
train_0331.jpg,bad
train_0332.jpg,good
train_0333.jpg,good
train_0334.jpg,good
train_0335.jpg,good
train_0336.jpg,good
train_0337.jpg,good
train_0338.jpg,good
train_0339.jpg,good
train_0340.jpg,good
train_0341.jpg,good
train_0342.jpg,good
train_0343.jpg,good
train_0344.jpg,none
train_0345.jpg,bad
train_0346.jpg,bad
train_0347.jpg,good
train_0348.jpg,good
train_0349.jpg,good
train_0350.jpg,good
train_0351.jpg,good
train_0352.jpg,good
train_0353.jpg,good
train_0354.jpg,good
train_0355.jpg,good
train_0356.jpg,bad
train_0357.jpg,good
train_0358.jpg,good
train_0359.jpg,good
train_0360.jpg,good
train_0361.jpg,good
train_0362.jpg,good
train_0363.jpg,good
train_0364.jpg,bad
train_0365.jpg,good
train_0366.jpg,good
train_0367.jpg,bad
train_0368.jpg,bad
train_0369.jpg,good
train_0370.jpg,bad
train_0371.jpg,bad
train_0372.jpg,bad
train_0373.jpg,bad
train_0374.jpg,good
train_0375.jpg,good
train_0376.jpg,good
train_0377.jpg,good
train_0378.jpg,good
train_0379.jpg,good
train_0380.jpg,good
train_0381.jpg,good
train_0382.jpg,good
train_0383.jpg,good
train_0384.jpg,good
train_0385.jpg,good
train_0386.jpg,bad
train_0387.jpg,good
train_0388.jpg,bad
train_0389.jpg,good
train_0390.jpg,good
train_0391.jpg,good
train_0392.jpg,bad
train_0393.jpg,good
train_0394.jpg,good
train_0395.jpg,good
train_0396.jpg,good
train_0397.jpg,bad
train_0398.jpg,good
train_0399.jpg,good
train_0400.jpg,good
train_0401.jpg,good
train_0402.jpg,good
train_0403.jpg,none
train_0404.jpg,good
train_0405.jpg,good
train_0406.jpg,good
train_0407.jpg,good
train_0408.jpg,good
train_0409.jpg,good
train_0410.jpg,good
train_0411.jpg,good
train_0412.jpg,good
train_0413.jpg,good
train_0414.jpg,bad
train_0415.jpg,good
train_0416.jpg,good
train_0417.jpg,good
train_0418.jpg,good
train_0419.jpg,good
train_0420.jpg,none
train_0421.jpg,none
train_0422.jpg,none
train_0423.jpg,bad
train_0424.jpg,bad
train_0425.jpg,bad
train_0426.jpg,bad
train_0427.jpg,bad
train_0428.jpg,bad
train_0429.jpg,good
train_0430.jpg,good
train_0431.jpg,good
train_0432.jpg,good
train_0433.jpg,good
train_0434.jpg,good
train_0435.jpg,good
train_0436.jpg,good
train_0437.jpg,good
train_0438.jpg,good
train_0439.jpg,good
train_0440.jpg,good
train_0441.jpg,good
train_0442.jpg,good
train_0443.jpg,good
train_0444.jpg,good
train_0445.jpg,good
train_0446.jpg,good
train_0447.jpg,good
train_0448.jpg,good
train_0449.jpg,bad
train_0450.jpg,bad
train_0451.jpg,good
train_0452.jpg,good
train_0453.jpg,none
train_0454.jpg,good
train_0455.jpg,good
train_0456.jpg,good
train_0457.jpg,good
train_0458.jpg,good
train_0459.jpg,good
train_0460.jpg,good
train_0461.jpg,good
train_0462.jpg,bad
train_0463.jpg,good
train_0464.jpg,good
train_0465.jpg,good
train_0466.jpg,good
train_0467.jpg,good
train_0468.jpg,good
train_0469.jpg,good
train_0470.jpg,good
train_0471.jpg,good
train_0472.jpg,good
train_0473.jpg,bad
train_0474.jpg,good
train_0475.jpg,good
train_0476.jpg,good
train_0477.jpg,good
train_0478.jpg,bad
train_0479.jpg,good
train_0480.jpg,good
train_0481.jpg,good
train_0482.jpg,good
train_0483.jpg,good
train_0484.jpg,good
train_0485.jpg,none
train_0486.jpg,good
train_0487.jpg,good
train_0488.jpg,bad
train_0489.jpg,good
train_0490.jpg,good
train_0491.jpg,good
train_0492.jpg,bad
train_0493.jpg,good
train_0494.jpg,good
train_0495.jpg,good
train_0496.jpg,bad
train_0497.jpg,good
train_0498.jpg,good
train_0499.jpg,good
train_0500.jpg,good
train_0501.jpg,good
train_0502.jpg,good
train_0503.jpg,good
train_0504.jpg,good
train_0505.jpg,good
train_0506.jpg,good
train_0507.jpg,good
train_0508.jpg,good
train_0509.jpg,good
train_0510.jpg,good
train_0511.jpg,good
train_0512.jpg,good
train_0513.jpg,good
train_0514.jpg,good
train_0515.jpg,good
train_0516.jpg,none
train_0517.jpg,good
train_0518.jpg,good
train_0519.jpg,good
train_0520.jpg,good
train_0521.jpg,good
train_0522.jpg,good
train_0523.jpg,good
train_0524.jpg,good
train_0525.jpg,good
train_0526.jpg,good
train_0527.jpg,good
train_0528.jpg,good
train_0529.jpg,good
train_0530.jpg,good
train_0531.jpg,good
train_0532.jpg,good
train_0533.jpg,good
train_0534.jpg,good
train_0535.jpg,good
train_0536.jpg,good
train_0537.jpg,good
train_0538.jpg,good
train_0539.jpg,good
train_0540.jpg,good
train_0541.jpg,good
train_0542.jpg,bad
train_0543.jpg,good
train_0544.jpg,good
train_0545.jpg,good
train_0546.jpg,bad
train_0547.jpg,good
train_0548.jpg,good
train_0549.jpg,bad
train_0550.jpg,bad
train_0551.jpg,good
train_0552.jpg,good
train_0553.jpg,good
train_0554.jpg,good
train_0555.jpg,good
train_0556.jpg,good
train_0557.jpg,good
train_0558.jpg,good
train_0559.jpg,good
train_0560.jpg,bad
train_0561.jpg,good
train_0562.jpg,bad
train_0563.jpg,bad
train_0564.jpg,bad
train_0565.jpg,good
train_0566.jpg,good
train_0567.jpg,good
train_0568.jpg,none
train_0569.jpg,bad
train_0570.jpg,bad
train_0571.jpg,bad
train_0572.jpg,good
train_0573.jpg,none
train_0574.jpg,good
train_0575.jpg,bad
train_0576.jpg,good
train_0577.jpg,good
train_0578.jpg,good
train_0579.jpg,good
train_0580.jpg,good
train_0581.jpg,good
train_0582.jpg,good
train_0583.jpg,good
train_0584.jpg,good
train_0585.jpg,good
train_0586.jpg,good
train_0587.jpg,good
train_0588.jpg,good
train_0589.jpg,good
train_0590.jpg,bad
train_0591.jpg,bad
train_0592.jpg,bad
train_0593.jpg,good
train_0594.jpg,bad
train_0595.jpg,bad
train_0596.jpg,good
train_0597.jpg,good
train_0598.jpg,good
train_0599.jpg,good
train_0600.jpg,good
train_0601.jpg,good
train_0602.jpg,good
train_0603.jpg,good
train_0604.jpg,good
train_0605.jpg,good
train_0606.jpg,good
train_0607.jpg,good
train_0608.jpg,good
train_0609.jpg,good
train_0610.jpg,good
train_0611.jpg,bad
train_0612.jpg,good
train_0613.jpg,good
train_0614.jpg,good
train_0615.jpg,good
train_0616.jpg,none
train_0617.jpg,bad
train_0618.jpg,good
train_0619.jpg,good
train_0620.jpg,good
train_0621.jpg,good
train_0622.jpg,good
train_0623.jpg,none
train_0624.jpg,bad
train_0625.jpg,good
train_0626.jpg,good
train_0627.jpg,good
train_0628.jpg,good
train_0629.jpg,good
train_0630.jpg,good
train_0631.jpg,good
train_0632.jpg,good
train_0633.jpg,good
train_0634.jpg,good
train_0635.jpg,good
train_0636.jpg,good
train_0637.jpg,good
train_0638.jpg,good
train_0639.jpg,good
train_0640.jpg,good
train_0641.jpg,good
train_0642.jpg,good
train_0643.jpg,good
train_0644.jpg,good
train_0645.jpg,bad
train_0646.jpg,good
train_0647.jpg,good
train_0648.jpg,good
train_0649.jpg,good
train_0650.jpg,good
train_0651.jpg,bad
train_0652.jpg,good
train_0653.jpg,good
train_0654.jpg,bad
train_0655.jpg,good
train_0656.jpg,good
train_0657.jpg,good
train_0658.jpg,good
train_0659.jpg,good
train_0660.jpg,good
train_0661.jpg,good
train_0662.jpg,good
train_0663.jpg,good
train_0664.jpg,good
train_0665.jpg,good
train_0666.jpg,good
train_0667.jpg,good
train_0668.jpg,good
train_0669.jpg,none
train_0670.jpg,good
train_0671.jpg,bad
train_0672.jpg,good
train_0673.jpg,good
train_0674.jpg,good
train_0675.jpg,good
train_0676.jpg,good
train_0677.jpg,good
train_0678.jpg,good
train_0679.jpg,good
train_0680.jpg,good
train_0681.jpg,good
train_0682.jpg,good
train_0683.jpg,good
train_0684.jpg,good
train_0685.jpg,good
train_0686.jpg,good
train_0687.jpg,good
train_0688.jpg,good
train_0689.jpg,good
train_0690.jpg,good
train_0691.jpg,good
train_0692.jpg,good
train_0693.jpg,good
train_0694.jpg,good
train_0695.jpg,good
train_0696.jpg,good
train_0697.jpg,good
train_0698.jpg,good
train_0699.jpg,good
train_0700.jpg,good
train_0701.jpg,good
train_0702.jpg,good
train_0703.jpg,good
train_0704.jpg,good
train_0705.jpg,good
train_0706.jpg,good
train_0707.jpg,good
train_0708.jpg,good
train_0709.jpg,good
train_0710.jpg,good
train_0711.jpg,good
train_0712.jpg,good
train_0713.jpg,good
train_0714.jpg,good
train_0715.jpg,good
train_0716.jpg,good
train_0717.jpg,good
train_0718.jpg,good
train_0719.jpg,good
train_0720.jpg,good
train_0721.jpg,good
train_0722.jpg,good
train_0723.jpg,good
train_0724.jpg,good
train_0725.jpg,good
train_0726.jpg,bad
train_0727.jpg,good
train_0728.jpg,good
train_0729.jpg,good
train_0730.jpg,good
train_0731.jpg,good
train_0732.jpg,good
train_0733.jpg,good
train_0734.jpg,good
train_0735.jpg,good
train_0736.jpg,good
train_0737.jpg,good
train_0738.jpg,good
train_0739.jpg,none
train_0740.jpg,good
train_0741.jpg,good
train_0742.jpg,good
train_0743.jpg,none
train_0744.jpg,none
train_0745.jpg,bad
train_0746.jpg,bad
train_0747.jpg,bad
train_0748.jpg,bad
train_0749.jpg,bad
train_0750.jpg,bad
train_0751.jpg,good
train_0752.jpg,good
train_0753.jpg,good
train_0754.jpg,none
train_0755.jpg,good
train_0756.jpg,good
train_0757.jpg,good
train_0758.jpg,good
train_0759.jpg,good
train_0760.jpg,good
train_0761.jpg,good
train_0762.jpg,good
train_0763.jpg,good
train_0764.jpg,good
train_0765.jpg,good
train_0766.jpg,good
train_0767.jpg,good
train_0768.jpg,good
train_0769.jpg,good
train_0770.jpg,none
train_0771.jpg,good
train_0772.jpg,good
train_0773.jpg,good
train_0774.jpg,good
train_0775.jpg,good
train_0776.jpg,good
train_0777.jpg,bad
train_0778.jpg,bad
train_0779.jpg,good
train_0780.jpg,good
train_0781.jpg,good
train_0782.jpg,good
train_0783.jpg,good
train_0784.jpg,good
train_0785.jpg,good
train_0786.jpg,good
train_0787.jpg,none
train_0788.jpg,good
train_0789.jpg,good
train_0790.jpg,good
train_0791.jpg,good
train_0792.jpg,good
train_0793.jpg,good
train_0794.jpg,good
train_0795.jpg,good
train_0796.jpg,good
train_0797.jpg,good
train_0798.jpg,good
train_0799.jpg,good
train_0800.jpg,good
train_0801.jpg,good
train_0802.jpg,good
train_0803.jpg,good
train_0804.jpg,good
train_0805.jpg,good
train_0806.jpg,good
train_0807.jpg,good
train_0808.jpg,good
train_0809.jpg,good
train_0810.jpg,good
train_0811.jpg,good
train_0812.jpg,none
train_0813.jpg,good
train_0814.jpg,good
train_0815.jpg,good
train_0816.jpg,good
train_0817.jpg,good
train_0818.jpg,good
train_0819.jpg,good
train_0820.jpg,good
train_0821.jpg,bad
train_0822.jpg,bad
train_0823.jpg,good
train_0824.jpg,good
train_0825.jpg,good
train_0826.jpg,good
train_0827.jpg,good
train_0828.jpg,good
train_0829.jpg,good
train_0830.jpg,good
train_0831.jpg,good
train_0832.jpg,bad
train_0833.jpg,good
train_0834.jpg,bad
train_0835.jpg,good
train_0836.jpg,good
train_0837.jpg,good
train_0838.jpg,good
train_0839.jpg,good
train_0840.jpg,good
train_0841.jpg,good
train_0842.jpg,good
train_0843.jpg,good
train_0844.jpg,good
train_0845.jpg,good
train_0846.jpg,good
train_0847.jpg,good
train_0848.jpg,good
train_0849.jpg,good
train_0850.jpg,good
train_0851.jpg,good
train_0852.jpg,good
train_0853.jpg,good
train_0854.jpg,good
train_0855.jpg,bad
train_0856.jpg,good
train_0857.jpg,good
train_0858.jpg,good
train_0859.jpg,good
train_0860.jpg,good
train_0861.jpg,good
train_0862.jpg,good
train_0863.jpg,good
train_0864.jpg,good
train_0865.jpg,good
train_0866.jpg,good
train_0867.jpg,good
train_0868.jpg,good
train_0869.jpg,good
train_0870.jpg,good
train_0871.jpg,good
train_0872.jpg,bad
train_0873.jpg,good
train_0874.jpg,good
train_0875.jpg,good
train_0876.jpg,good
train_0877.jpg,bad
train_0878.jpg,good
train_0879.jpg,bad
train_0880.jpg,good
train_0881.jpg,good
train_0882.jpg,good
train_0883.jpg,bad
train_0884.jpg,good
train_0885.jpg,good
train_0886.jpg,good
train_0887.jpg,good
train_0888.jpg,bad
train_0889.jpg,good
train_0890.jpg,good
train_0891.jpg,bad
train_0892.jpg,bad
train_0893.jpg,good
train_0894.jpg,good
train_0895.jpg,bad
train_0896.jpg,good
train_0897.jpg,bad
train_0898.jpg,good
train_0899.jpg,good
train_0900.jpg,bad
train_0901.jpg,good
train_0902.jpg,good
train_0903.jpg,good
train_0904.jpg,good
train_0905.jpg,good
train_0906.jpg,good
train_0907.jpg,good
train_0908.jpg,good
train_0909.jpg,good
train_0910.jpg,good
train_0911.jpg,good
train_0912.jpg,good
train_0913.jpg,good
train_0914.jpg,good
train_0915.jpg,good
train_0916.jpg,good
train_0917.jpg,good
train_0918.jpg,good
train_0919.jpg,good
train_0920.jpg,good
train_0921.jpg,bad
train_0922.jpg,good
train_0923.jpg,good
train_0924.jpg,none
train_0925.jpg,bad
train_0926.jpg,good
train_0927.jpg,none
train_0928.jpg,bad
train_0929.jpg,good
train_0930.jpg,good
train_0931.jpg,good
train_0932.jpg,good
train_0933.jpg,good
train_0934.jpg,good
train_0935.jpg,good
train_0936.jpg,good
train_0937.jpg,good
train_0938.jpg,good
train_0939.jpg,good
train_0940.jpg,good
train_0941.jpg,good
train_0942.jpg,good
train_0943.jpg,good
train_0944.jpg,good
train_0945.jpg,good
train_0946.jpg,good
train_0947.jpg,bad
train_0948.jpg,bad
train_0949.jpg,good
train_0950.jpg,good
train_0951.jpg,bad
train_0952.jpg,bad
train_0953.jpg,good
train_0954.jpg,good
train_0955.jpg,good
train_0956.jpg,good
train_0957.jpg,none
train_0958.jpg,good
train_0959.jpg,good
train_0960.jpg,good
train_0961.jpg,good
train_0962.jpg,good
train_0963.jpg,good
train_0964.jpg,good
train_0965.jpg,good
train_0966.jpg,good
train_0967.jpg,good
train_0968.jpg,good
train_0969.jpg,good
train_0970.jpg,good
train_0971.jpg,good
train_0972.jpg,good
train_0973.jpg,good
train_0974.jpg,good
train_0975.jpg,good
train_0976.jpg,good
train_0977.jpg,good
train_0978.jpg,good
train_0979.jpg,good
train_0980.jpg,good
train_0981.jpg,good
train_0982.jpg,good
train_0983.jpg,good
train_0984.jpg,bad
train_0985.jpg,bad
train_0986.jpg,good
train_0987.jpg,good
train_0988.jpg,good
train_0989.jpg,good
train_0990.jpg,good
train_0991.jpg,good
train_0992.jpg,good
train_0993.jpg,good
train_0994.jpg,good
train_0995.jpg,bad
train_0996.jpg,good
train_0997.jpg,good
train_0998.jpg,good
train_0999.jpg,none
train_1000.jpg,good
train_1001.jpg,good
train_1002.jpg,good
train_1003.jpg,good
train_1004.jpg,good
train_1005.jpg,good
train_1006.jpg,good
train_1007.jpg,good
train_1008.jpg,good
train_1009.jpg,good
train_1010.jpg,good
train_1011.jpg,good
train_1012.jpg,good
train_1013.jpg,good
train_1014.jpg,good
train_1015.jpg,good
train_1016.jpg,good
train_1017.jpg,good
train_1018.jpg,good
train_1019.jpg,good
train_1020.jpg,good
train_1021.jpg,good
train_1022.jpg,good
train_1023.jpg,good
train_1024.jpg,none
train_1025.jpg,good
train_1026.jpg,good
train_1027.jpg,bad
train_1028.jpg,none
train_1029.jpg,good
train_1030.jpg,good
train_1031.jpg,good
train_1032.jpg,good
train_1033.jpg,good
train_1034.jpg,good
train_1035.jpg,good
train_1036.jpg,good
train_1037.jpg,good
train_1038.jpg,good
train_1039.jpg,good
train_1040.jpg,none
train_1041.jpg,good
train_1042.jpg,good
train_1043.jpg,good
train_1044.jpg,good
train_1045.jpg,good
train_1046.jpg,bad
train_1047.jpg,good
train_1048.jpg,good
train_1049.jpg,good
train_1050.jpg,good
train_1051.jpg,bad
train_1052.jpg,good
train_1053.jpg,good
train_1054.jpg,good
train_1055.jpg,good
train_1056.jpg,good
train_1057.jpg,good
train_1058.jpg,good
train_1059.jpg,good
train_1060.jpg,good
train_1061.jpg,good
train_1062.jpg,good
train_1063.jpg,good
train_1064.jpg,good
train_1065.jpg,bad
train_1066.jpg,bad
train_1067.jpg,good
train_1068.jpg,good
train_1069.jpg,good
train_1070.jpg,good
train_1071.jpg,none
train_1072.jpg,good
train_1073.jpg,good
train_1074.jpg,good
train_1075.jpg,good
train_1076.jpg,good
train_1077.jpg,good
train_1078.jpg,good
train_1079.jpg,good
train_1080.jpg,good
train_1081.jpg,good
train_1082.jpg,good
train_1083.jpg,good
train_1084.jpg,good
train_1085.jpg,good
train_1086.jpg,good
train_1087.jpg,bad
train_1088.jpg,bad
train_1089.jpg,bad
train_1090.jpg,bad
train_1091.jpg,bad
train_1092.jpg,good
train_1093.jpg,none
train_1094.jpg,bad
train_1095.jpg,bad
train_1096.jpg,bad
train_1097.jpg,bad
train_1098.jpg,bad
train_1099.jpg,bad
train_1100.jpg,good
train_1101.jpg,good
train_1102.jpg,bad
train_1103.jpg,bad
train_1104.jpg,good
train_1105.jpg,bad
train_1106.jpg,bad
train_1107.jpg,good
train_1108.jpg,good
train_1109.jpg,bad
train_1110.jpg,good
train_1111.jpg,good
train_1112.jpg,good
train_1113.jpg,good
train_1114.jpg,good
train_1115.jpg,good
train_1116.jpg,good
train_1117.jpg,good
train_1118.jpg,good
train_1119.jpg,good
train_1120.jpg,good
train_1121.jpg,good
train_1122.jpg,good
train_1123.jpg,good
train_1124.jpg,good
train_1125.jpg,good
train_1126.jpg,good
train_1127.jpg,good
train_1128.jpg,good
train_1129.jpg,good
train_1130.jpg,good
train_1131.jpg,good
train_1132.jpg,bad
train_1133.jpg,good
train_1134.jpg,good
train_1135.jpg,good
train_1136.jpg,good
train_1137.jpg,good
train_1138.jpg,good
train_1139.jpg,good
train_1140.jpg,good
train_1141.jpg,good
train_1142.jpg,good
train_1143.jpg,good
train_1144.jpg,good
train_1145.jpg,good
train_1146.jpg,good
train_1147.jpg,good
train_1148.jpg,good
train_1149.jpg,good
train_1150.jpg,good
train_1151.jpg,good
train_1152.jpg,good
train_1153.jpg,good
train_1154.jpg,good
train_1155.jpg,good
train_1156.jpg,good
train_1157.jpg,good
train_1158.jpg,good
train_1159.jpg,good
train_1160.jpg,good
train_1161.jpg,good
train_1162.jpg,good
train_1163.jpg,bad
train_1164.jpg,bad
train_1165.jpg,good
train_1166.jpg,good
train_1167.jpg,good
train_1168.jpg,good
train_1169.jpg,good
train_1170.jpg,good
train_1171.jpg,good
train_1172.jpg,good
train_1173.jpg,good
train_1174.jpg,good
train_1175.jpg,good
train_1176.jpg,good
train_1177.jpg,good
train_1178.jpg,good
train_1179.jpg,good
train_1180.jpg,good
train_1181.jpg,good
train_1182.jpg,good
train_1183.jpg,good
train_1184.jpg,good
train_1185.jpg,good
train_1186.jpg,good
train_1187.jpg,good
train_1188.jpg,good
train_1189.jpg,good
train_1190.jpg,good
train_1191.jpg,good
train_1192.jpg,good
train_1193.jpg,good
train_1194.jpg,good
train_1195.jpg,good
train_1196.jpg,good
train_1197.jpg,good
train_1198.jpg,good
train_1199.jpg,good
train_1200.jpg,good
train_1201.jpg,good
train_1202.jpg,good
train_1203.jpg,good
train_1204.jpg,good
train_1205.jpg,good
train_1206.jpg,bad
train_1207.jpg,good
train_1208.jpg,good
train_1209.jpg,good
train_1210.jpg,good
train_1211.jpg,good
train_1212.jpg,good
train_1213.jpg,good
train_1214.jpg,good
train_1215.jpg,good
train_1216.jpg,good
train_1217.jpg,good
train_1218.jpg,good
train_1219.jpg,good
train_1220.jpg,good
train_1221.jpg,good
train_1222.jpg,good
train_1223.jpg,none
train_1224.jpg,bad
train_1225.jpg,bad
train_1226.jpg,bad
train_1227.jpg,bad
train_1228.jpg,good
train_1229.jpg,bad
train_1230.jpg,bad
train_1231.jpg,bad
train_1232.jpg,good
train_1233.jpg,good
train_1234.jpg,good
train_1235.jpg,good
train_1236.jpg,good
train_1237.jpg,good
train_1238.jpg,good
train_1239.jpg,good
train_1240.jpg,good
train_1241.jpg,good
train_1242.jpg,good
train_1243.jpg,good
train_1244.jpg,good
train_1245.jpg,good
train_1246.jpg,bad
train_1247.jpg,bad
train_1248.jpg,bad
train_1249.jpg,bad
train_1250.jpg,bad
train_1251.jpg,bad
train_1252.jpg,bad
train_1253.jpg,good
train_1254.jpg,bad
train_1255.jpg,good
train_1256.jpg,good
train_1257.jpg,good
train_1258.jpg,good
train_1259.jpg,good
train_1260.jpg,good
train_1261.jpg,good
train_1262.jpg,bad
train_1263.jpg,bad
train_1264.jpg,good
train_1265.jpg,good
train_1266.jpg,good
train_1267.jpg,bad
train_1268.jpg,good
train_1269.jpg,good
train_1270.jpg,good
train_1271.jpg,good
train_1272.jpg,good
train_1273.jpg,good
train_1274.jpg,good
train_1275.jpg,good
train_1276.jpg,good
train_1277.jpg,good
train_1278.jpg,bad
train_1279.jpg,bad
train_1280.jpg,bad
train_1281.jpg,bad
train_1282.jpg,bad
train_1283.jpg,good
train_1284.jpg,bad
train_1285.jpg,bad
train_1286.jpg,bad
train_1287.jpg,good
train_1288.jpg,bad
train_1289.jpg,bad
train_1290.jpg,bad
train_1291.jpg,bad
train_1292.jpg,good
train_1293.jpg,good
train_1294.jpg,good
train_1295.jpg,good
train_1296.jpg,good
train_1297.jpg,good
train_1298.jpg,bad
train_1299.jpg,bad
train_1300.jpg,bad
train_1301.jpg,good
train_1302.jpg,bad
train_1303.jpg,bad
train_1304.jpg,bad
train_1305.jpg,good
train_1306.jpg,good
train_1307.jpg,good
train_1308.jpg,good
train_1309.jpg,good
train_1310.jpg,good
train_1311.jpg,good
train_1312.jpg,good
train_1313.jpg,good
train_1314.jpg,good
train_1315.jpg,bad
train_1316.jpg,good
train_1317.jpg,good
train_1318.jpg,good
train_1319.jpg,good
train_1320.jpg,good
train_1321.jpg,none
train_1322.jpg,good
train_1323.jpg,good
train_1324.jpg,good
train_1325.jpg,good
train_1326.jpg,good
train_1327.jpg,good
train_1328.jpg,good
train_1329.jpg,good
train_1330.jpg,good
train_1331.jpg,good
train_1332.jpg,good
train_1333.jpg,good
train_1334.jpg,good
train_1335.jpg,good
train_1336.jpg,good
train_1337.jpg,good
train_1338.jpg,good
train_1339.jpg,good
train_1340.jpg,bad
train_1341.jpg,good
train_1342.jpg,good
train_1343.jpg,good
train_1344.jpg,good
train_1345.jpg,good
train_1346.jpg,good
train_1347.jpg,good
train_1348.jpg,good
train_1349.jpg,good
train_1350.jpg,good
train_1351.jpg,good
train_1352.jpg,good
train_1353.jpg,good
train_1354.jpg,good
train_1355.jpg,good
train_1356.jpg,good
train_1357.jpg,good
train_1358.jpg,good
train_1359.jpg,none
train_1360.jpg,good
train_1361.jpg,good
train_1362.jpg,good
train_1363.jpg,good
train_1364.jpg,good
train_1365.jpg,good
train_1366.jpg,good
train_1367.jpg,good
train_1368.jpg,good
train_1369.jpg,good
train_1370.jpg,good
train_1371.jpg,good
train_1372.jpg,good
train_1373.jpg,good
train_1374.jpg,good
train_1375.jpg,good
train_1376.jpg,good
train_1377.jpg,good
train_1378.jpg,good
train_1379.jpg,good
train_1380.jpg,good
train_1381.jpg,good
train_1382.jpg,good
train_1383.jpg,good
train_1384.jpg,good
train_1385.jpg,good
train_1386.jpg,bad
train_1387.jpg,bad
train_1388.jpg,good
train_1389.jpg,bad
train_1390.jpg,good
train_1391.jpg,bad
train_1392.jpg,good
train_1393.jpg,bad
train_1394.jpg,bad
train_1395.jpg,good
train_1396.jpg,good
train_1397.jpg,good
train_1398.jpg,bad
train_1399.jpg,good
train_1400.jpg,good
train_1401.jpg,good
train_1402.jpg,bad
train_1403.jpg,bad
train_1404.jpg,good
train_1405.jpg,good
train_1406.jpg,good
train_1407.jpg,bad
train_1408.jpg,bad
train_1409.jpg,good
train_1410.jpg,good
train_1411.jpg,good
train_1412.jpg,good
train_1413.jpg,good
train_1414.jpg,bad
train_1415.jpg,bad
train_1416.jpg,bad
train_1417.jpg,good
train_1418.jpg,bad
train_1419.jpg,good
train_1420.jpg,bad
train_1421.jpg,none
train_1422.jpg,good
train_1423.jpg,good
train_1424.jpg,good
train_1425.jpg,good
train_1426.jpg,good
train_1427.jpg,good
train_1428.jpg,good
train_1429.jpg,good
train_1430.jpg,good
train_1431.jpg,good
train_1432.jpg,good
train_1433.jpg,good
train_1434.jpg,good
train_1435.jpg,bad
train_1436.jpg,good
train_1437.jpg,good
train_1438.jpg,good
train_1439.jpg,bad
train_1440.jpg,good
train_1441.jpg,none
train_1442.jpg,bad
train_1443.jpg,good
train_1444.jpg,good
train_1445.jpg,good
train_1446.jpg,good
train_1447.jpg,good
train_1448.jpg,good
train_1449.jpg,good
train_1450.jpg,bad
train_1451.jpg,good
train_1452.jpg,good
train_1453.jpg,good
train_1454.jpg,good
train_1455.jpg,good
train_1456.jpg,good
train_1457.jpg,good
train_1458.jpg,good
train_1459.jpg,good
train_1460.jpg,good
train_1461.jpg,good
train_1462.jpg,good
train_1463.jpg,good
train_1464.jpg,good
train_1465.jpg,good
train_1466.jpg,good
train_1467.jpg,good
train_1468.jpg,good
train_1469.jpg,bad
train_1470.jpg,bad
train_1471.jpg,bad
train_1472.jpg,bad
train_1473.jpg,bad
train_1474.jpg,bad
train_1475.jpg,good
train_1476.jpg,good
train_1477.jpg,bad
train_1478.jpg,bad
train_1479.jpg,bad
train_1480.jpg,good
train_1481.jpg,good
train_1482.jpg,good
train_1483.jpg,good
train_1484.jpg,good
train_1485.jpg,good
train_1486.jpg,good
train_1487.jpg,good
train_1488.jpg,good
train_1489.jpg,good
train_1490.jpg,good
train_1491.jpg,good
train_1492.jpg,good
train_1493.jpg,good
train_1494.jpg,good
train_1495.jpg,good
train_1496.jpg,good
train_1497.jpg,good
train_1498.jpg,good
train_1499.jpg,good
train_1500.jpg,none
train_1501.jpg,good
train_1502.jpg,good
train_1503.jpg,good
train_1504.jpg,good
train_1505.jpg,good
train_1506.jpg,good
train_1507.jpg,good
train_1508.jpg,good
train_1509.jpg,good
train_1510.jpg,good
train_1511.jpg,good
train_1512.jpg,good
train_1513.jpg,good
train_1514.jpg,good
train_1515.jpg,good
train_1516.jpg,good
train_1517.jpg,good
train_1518.jpg,good
train_1519.jpg,good
train_1520.jpg,good
train_1521.jpg,bad
train_1522.jpg,bad
train_1523.jpg,bad
train_1524.jpg,bad
train_1525.jpg,bad
train_1526.jpg,bad
train_1527.jpg,good
train_1528.jpg,bad
train_1529.jpg,good
train_1530.jpg,good
train_1531.jpg,good
train_1532.jpg,good
train_1533.jpg,good
train_1534.jpg,bad
train_1535.jpg,bad
train_1536.jpg,good
train_1537.jpg,good
train_1538.jpg,good
train_1539.jpg,good
train_1540.jpg,good
train_1541.jpg,good
train_1542.jpg,good
train_1543.jpg,bad
train_1544.jpg,bad
train_1545.jpg,good
train_1546.jpg,good
train_1547.jpg,bad
train_1548.jpg,bad
train_1549.jpg,good
train_1550.jpg,good
train_1551.jpg,bad
train_1552.jpg,bad
train_1553.jpg,none
train_1554.jpg,none
train_1555.jpg,good
train_1556.jpg,good
train_1557.jpg,good
train_1558.jpg,good
train_1559.jpg,good
train_1560.jpg,bad
train_1561.jpg,good
train_1562.jpg,good
train_1563.jpg,good
train_1564.jpg,good
train_1565.jpg,good
train_1566.jpg,good
train_1567.jpg,good
train_1568.jpg,good
train_1569.jpg,good
train_1570.jpg,good
train_1571.jpg,good
train_1572.jpg,good
train_1573.jpg,bad
train_1574.jpg,good
train_1575.jpg,good
train_1576.jpg,good
train_1577.jpg,good
train_1578.jpg,good
train_1579.jpg,good
train_1580.jpg,good
train_1581.jpg,good
train_1582.jpg,good
train_1583.jpg,good
train_1584.jpg,good
train_1585.jpg,good
train_1586.jpg,none
train_1587.jpg,good
train_1588.jpg,good
train_1589.jpg,good
train_1590.jpg,good
train_1591.jpg,good
train_1592.jpg,good
train_1593.jpg,good
train_1594.jpg,good
train_1595.jpg,good
train_1596.jpg,good
train_1597.jpg,good
train_1598.jpg,good
train_1599.jpg,none
train_1600.jpg,good
train_1601.jpg,good
train_1602.jpg,good
train_1603.jpg,good
train_1604.jpg,good
train_1605.jpg,bad
train_1606.jpg,good
train_1607.jpg,bad
train_1608.jpg,good
train_1609.jpg,bad
train_1610.jpg,good
train_1611.jpg,good
train_1612.jpg,none
train_1613.jpg,good
train_1614.jpg,good
train_1615.jpg,good
train_1616.jpg,good
train_1617.jpg,good
train_1618.jpg,good
train_1619.jpg,good
train_1620.jpg,none
train_1621.jpg,good
train_1622.jpg,good
train_1623.jpg,good
train_1624.jpg,good
train_1625.jpg,good
train_1626.jpg,none
train_1627.jpg,good
train_1628.jpg,good
train_1629.jpg,good
train_1630.jpg,good
train_1631.jpg,good
train_1632.jpg,good
train_1633.jpg,good
train_1634.jpg,good
train_1635.jpg,good
train_1636.jpg,bad
train_1637.jpg,bad
train_1638.jpg,good
train_1639.jpg,good
train_1640.jpg,bad
train_1641.jpg,good
train_1642.jpg,good
train_1643.jpg,good
train_1644.jpg,good
train_1645.jpg,bad
train_1646.jpg,good
train_1647.jpg,good
train_1648.jpg,good
train_1649.jpg,good
train_1650.jpg,good
train_1651.jpg,good
train_1652.jpg,good
train_1653.jpg,good
train_1654.jpg,good
train_1655.jpg,good
train_1656.jpg,good
train_1657.jpg,bad
train_1658.jpg,bad
train_1659.jpg,bad
train_1660.jpg,good
train_1661.jpg,good
train_1662.jpg,good
train_1663.jpg,good
train_1664.jpg,good
train_1665.jpg,good
train_1666.jpg,good
train_1667.jpg,good
train_1668.jpg,good
train_1669.jpg,good
train_1670.jpg,good
train_1671.jpg,good
train_1672.jpg,good
train_1673.jpg,good
train_1674.jpg,good
train_1675.jpg,good
train_1676.jpg,good
train_1677.jpg,good
train_1678.jpg,good
train_1679.jpg,good
train_1680.jpg,bad
train_1681.jpg,good
train_1682.jpg,good
train_1683.jpg,good
train_1684.jpg,good
train_1685.jpg,bad
train_1686.jpg,good
train_1687.jpg,good
train_1688.jpg,good
train_1689.jpg,good
train_1690.jpg,good
train_1691.jpg,good
train_1692.jpg,good
train_1693.jpg,good
train_1694.jpg,good
train_1695.jpg,good
train_1696.jpg,good
train_1697.jpg,bad
train_1698.jpg,bad
train_1699.jpg,good
train_1700.jpg,good
train_1701.jpg,bad
train_1702.jpg,good
train_1703.jpg,good
train_1704.jpg,good
train_1705.jpg,good
train_1706.jpg,good
train_1707.jpg,good
train_1708.jpg,good
train_1709.jpg,good
train_1710.jpg,good
train_1711.jpg,good
train_1712.jpg,good
train_1713.jpg,good
train_1714.jpg,good
train_1715.jpg,good
train_1716.jpg,good
train_1717.jpg,good
train_1718.jpg,good
train_1719.jpg,good
train_1720.jpg,good
train_1721.jpg,good
train_1722.jpg,good
train_1723.jpg,bad
train_1724.jpg,good
train_1725.jpg,none
train_1726.jpg,bad
train_1727.jpg,good
train_1728.jpg,good
train_1729.jpg,good
train_1730.jpg,good
train_1731.jpg,good
train_1732.jpg,bad
train_1733.jpg,good
train_1734.jpg,good
train_1735.jpg,good
train_1736.jpg,good
train_1737.jpg,good
train_1738.jpg,good
train_1739.jpg,good
train_1740.jpg,good
train_1741.jpg,good
train_1742.jpg,good
train_1743.jpg,good
train_1744.jpg,good
train_1745.jpg,good
train_1746.jpg,bad
train_1747.jpg,good
train_1748.jpg,good
train_1749.jpg,good
train_1750.jpg,good
train_1751.jpg,bad
train_1752.jpg,bad
train_1753.jpg,good
train_1754.jpg,good
train_1755.jpg,good
train_1756.jpg,good
train_1757.jpg,good
train_1758.jpg,good
train_1759.jpg,good
train_1760.jpg,good
train_1761.jpg,good
train_1762.jpg,good
train_1763.jpg,none
train_1764.jpg,good
train_1765.jpg,good
train_1766.jpg,good
train_1767.jpg,good
train_1768.jpg,good
train_1769.jpg,good
train_1770.jpg,bad
train_1771.jpg,good
train_1772.jpg,good
train_1773.jpg,good
train_1774.jpg,good
train_1775.jpg,good
train_1776.jpg,bad
train_1777.jpg,good
train_1778.jpg,good
train_1779.jpg,good
train_1780.jpg,good
train_1781.jpg,good
train_1782.jpg,bad
train_1783.jpg,good
train_1784.jpg,bad
train_1785.jpg,good
train_1786.jpg,good
train_1787.jpg,good
train_1788.jpg,good
train_1789.jpg,good
train_1790.jpg,good
train_1791.jpg,bad
train_1792.jpg,good
train_1793.jpg,bad
train_1794.jpg,good
train_1795.jpg,bad
train_1796.jpg,none
train_1797.jpg,good
train_1798.jpg,good
train_1799.jpg,good
train_1800.jpg,good
train_1801.jpg,good
train_1802.jpg,good
train_1803.jpg,bad
train_1804.jpg,good
train_1805.jpg,good
train_1806.jpg,good
train_1807.jpg,bad
train_1808.jpg,bad
train_1809.jpg,good
train_1810.jpg,good
train_1811.jpg,good
train_1812.jpg,good
train_1813.jpg,good
train_1814.jpg,good
train_1815.jpg,good
train_1816.jpg,good
train_1817.jpg,good
train_1818.jpg,good
train_1819.jpg,good
train_1820.jpg,good
train_1821.jpg,good
train_1822.jpg,good
train_1823.jpg,good
train_1824.jpg,good
train_1825.jpg,good
train_1826.jpg,good
train_1827.jpg,good
train_1828.jpg,good
train_1829.jpg,good
train_1830.jpg,good
train_1831.jpg,good
train_1832.jpg,good
train_1833.jpg,good
train_1834.jpg,good
train_1835.jpg,good
train_1836.jpg,good
train_1837.jpg,good
train_1838.jpg,good
train_1839.jpg,good
train_1840.jpg,bad
train_1841.jpg,good
train_1842.jpg,bad
train_1843.jpg,good
train_1844.jpg,bad
train_1845.jpg,none
train_1846.jpg,good
train_1847.jpg,good
train_1848.jpg,good
train_1849.jpg,good
train_1850.jpg,good
train_1851.jpg,good
train_1852.jpg,good
train_1853.jpg,good
train_1854.jpg,good
train_1855.jpg,bad
train_1856.jpg,good
train_1857.jpg,good
train_1858.jpg,good
train_1859.jpg,good
train_1860.jpg,good
train_1861.jpg,good
train_1862.jpg,good
train_1863.jpg,good
train_1864.jpg,good
train_1865.jpg,good
train_1866.jpg,good
train_1867.jpg,good
train_1868.jpg,good
train_1869.jpg,good
train_1870.jpg,good
train_1871.jpg,good
train_1872.jpg,good
train_1873.jpg,good
train_1874.jpg,good
train_1875.jpg,good
train_1876.jpg,good
train_1877.jpg,good
train_1878.jpg,good
train_1879.jpg,good
train_1880.jpg,good
train_1881.jpg,good
train_1882.jpg,good
train_1883.jpg,good
train_1884.jpg,good
train_1885.jpg,good
train_1886.jpg,good
train_1887.jpg,bad
train_1888.jpg,bad
train_1889.jpg,bad
train_1890.jpg,good
train_1891.jpg,good
train_1892.jpg,good
train_1893.jpg,good
train_1894.jpg,good
train_1895.jpg,good
train_1896.jpg,good
train_1897.jpg,good
train_1898.jpg,good
train_1899.jpg,good
train_1900.jpg,good
train_1901.jpg,good
train_1902.jpg,good
train_1903.jpg,good
train_1904.jpg,good
train_1905.jpg,bad
train_1906.jpg,good
train_1907.jpg,good
train_1908.jpg,good
train_1909.jpg,good
train_1910.jpg,good
train_1911.jpg,none
train_1912.jpg,good
train_1913.jpg,good
train_1914.jpg,good
train_1915.jpg,good
train_1916.jpg,good
train_1917.jpg,good
train_1918.jpg,good
train_1919.jpg,good
train_1920.jpg,good
train_1921.jpg,good
train_1922.jpg,good
train_1923.jpg,good
train_1924.jpg,good
train_1925.jpg,good
train_1926.jpg,good
train_1927.jpg,good
train_1928.jpg,good
train_1929.jpg,good
train_1930.jpg,good
train_1931.jpg,good
train_1932.jpg,good
train_1933.jpg,good
train_1934.jpg,good
train_1935.jpg,good
train_1936.jpg,good
train_1937.jpg,good
train_1938.jpg,bad
train_1939.jpg,good
train_1940.jpg,good
train_1941.jpg,good
train_1942.jpg,good
train_1943.jpg,good
train_1944.jpg,good
train_1945.jpg,good
train_1946.jpg,good
train_1947.jpg,good
train_1948.jpg,good
train_1949.jpg,good
train_1950.jpg,good
train_1951.jpg,good
train_1952.jpg,good
train_1953.jpg,bad
train_1954.jpg,good
train_1955.jpg,good
train_1956.jpg,good
train_1957.jpg,good
train_1958.jpg,good
train_1959.jpg,good
train_1960.jpg,good
train_1961.jpg,good
train_1962.jpg,good
train_1963.jpg,good
train_1964.jpg,good
train_1965.jpg,good
train_1966.jpg,good
train_1967.jpg,good
train_1968.jpg,good
train_1969.jpg,good
train_1970.jpg,good
train_1971.jpg,good
train_1972.jpg,good
train_1973.jpg,good
train_1974.jpg,good
train_1975.jpg,bad
train_1976.jpg,bad
train_1977.jpg,bad
train_1978.jpg,bad
train_1979.jpg,good
train_1980.jpg,good
train_1981.jpg,good
train_1982.jpg,good
train_1983.jpg,good
train_1984.jpg,good
train_1985.jpg,good
train_1986.jpg,good
train_1987.jpg,good
train_1988.jpg,good
train_1989.jpg,good
train_1990.jpg,good
train_1991.jpg,good
train_1992.jpg,good
train_1993.jpg,good
train_1994.jpg,good
train_1995.jpg,none
train_1996.jpg,bad
train_1997.jpg,bad
train_1998.jpg,good
train_1999.jpg,good
train_2000.jpg,good
train_2001.jpg,good
train_2002.jpg,good
train_2003.jpg,good
train_2004.jpg,none
train_2005.jpg,good
train_2006.jpg,good
train_2007.jpg,good
train_2008.jpg,good
train_2009.jpg,good
train_2010.jpg,good
train_2011.jpg,good
train_2012.jpg,none
train_2013.jpg,good
train_2014.jpg,good
train_2015.jpg,good
train_2016.jpg,good
train_2017.jpg,good
train_2018.jpg,good
train_2019.jpg,good
train_2020.jpg,good
train_2021.jpg,good
train_2022.jpg,good
train_2023.jpg,good
train_2024.jpg,none
train_2025.jpg,none
train_2026.jpg,bad
train_2027.jpg,good
train_2028.jpg,good
train_2029.jpg,good
train_2030.jpg,good
train_2031.jpg,good
train_2032.jpg,good
train_2033.jpg,bad
train_2034.jpg,bad
train_2035.jpg,good
train_2036.jpg,good
train_2037.jpg,good
train_2038.jpg,good
train_2039.jpg,good
train_2040.jpg,good
train_2041.jpg,good
train_2042.jpg,good
train_2043.jpg,good
train_2044.jpg,good
train_2045.jpg,good
train_2046.jpg,good
train_2047.jpg,good
train_2048.jpg,good
train_2049.jpg,good
train_2050.jpg,good
train_2051.jpg,good
train_2052.jpg,good
train_2053.jpg,bad
train_2054.jpg,good
train_2055.jpg,good
train_2056.jpg,good
train_2057.jpg,good
train_2058.jpg,bad
train_2059.jpg,good
train_2060.jpg,good
train_2061.jpg,good
train_2062.jpg,good
train_2063.jpg,good
train_2064.jpg,good
train_2065.jpg,bad
train_2066.jpg,good
train_2067.jpg,good
train_2068.jpg,good
train_2069.jpg,good
train_2070.jpg,good
train_2071.jpg,good
train_2072.jpg,good
train_2073.jpg,good
train_2074.jpg,bad
train_2075.jpg,good
train_2076.jpg,good
train_2077.jpg,good
train_2078.jpg,good
train_2079.jpg,good
train_2080.jpg,bad
train_2081.jpg,good
train_2082.jpg,good
train_2083.jpg,good
train_2084.jpg,good
train_2085.jpg,good
train_2086.jpg,good
train_2087.jpg,good
train_2088.jpg,good
train_2089.jpg,good
train_2090.jpg,none
train_2091.jpg,none
train_2092.jpg,bad
train_2093.jpg,good
train_2094.jpg,good
train_2095.jpg,good
train_2096.jpg,good
train_2097.jpg,good
train_2098.jpg,good
train_2099.jpg,good
train_2100.jpg,good
train_2101.jpg,good
train_2102.jpg,good
train_2103.jpg,good
train_2104.jpg,good
train_2105.jpg,good
train_2106.jpg,good
train_2107.jpg,good
train_2108.jpg,good
train_2109.jpg,good
train_2110.jpg,good
train_2111.jpg,good
train_2112.jpg,good
train_2113.jpg,good
train_2114.jpg,good
train_2115.jpg,good
train_2116.jpg,good
train_2117.jpg,good
train_2118.jpg,good
train_2119.jpg,good
train_2120.jpg,good
train_2121.jpg,good
train_2122.jpg,bad
train_2123.jpg,bad
train_2124.jpg,bad
train_2125.jpg,bad
train_2126.jpg,bad
train_2127.jpg,bad
train_2128.jpg,none
train_2129.jpg,none
train_2130.jpg,none
train_2131.jpg,none
train_2132.jpg,good
train_2133.jpg,bad
train_2134.jpg,good
train_2135.jpg,good
train_2136.jpg,good
train_2137.jpg,good
train_2138.jpg,good
train_2139.jpg,good
train_2140.jpg,good
train_2141.jpg,good
train_2142.jpg,bad
train_2143.jpg,bad
train_2144.jpg,bad
train_2145.jpg,good
train_2146.jpg,good
train_2147.jpg,bad
train_2148.jpg,good
train_2149.jpg,bad
train_2150.jpg,good
train_2151.jpg,none
train_2152.jpg,good
train_2153.jpg,good
train_2154.jpg,good
train_2155.jpg,good
train_2156.jpg,good
train_2157.jpg,good
train_2158.jpg,good
train_2159.jpg,good
train_2160.jpg,good
train_2161.jpg,good
train_2162.jpg,good
train_2163.jpg,good
train_2164.jpg,good
train_2165.jpg,good
train_2166.jpg,good
train_2167.jpg,good
train_2168.jpg,good
train_2169.jpg,good
train_2170.jpg,good
train_2171.jpg,good
train_2172.jpg,good
train_2173.jpg,good
train_2174.jpg,good
train_2175.jpg,good
train_2176.jpg,good
train_2177.jpg,good
train_2178.jpg,good
train_2179.jpg,good
train_2180.jpg,good
train_2181.jpg,good
train_2182.jpg,good
train_2183.jpg,good
train_2184.jpg,bad
train_2185.jpg,good
train_2186.jpg,good
train_2187.jpg,good
train_2188.jpg,bad
train_2189.jpg,good
train_2190.jpg,good
train_2191.jpg,good
train_2192.jpg,none
train_2193.jpg,bad
train_2194.jpg,good
train_2195.jpg,good
train_2196.jpg,good
train_2197.jpg,good
train_2198.jpg,good
train_2199.jpg,good
train_2200.jpg,bad
train_2201.jpg,good
train_2202.jpg,good
train_2203.jpg,good
train_2204.jpg,good
train_2205.jpg,good
train_2206.jpg,good
train_2207.jpg,good
train_2208.jpg,none
train_2209.jpg,good
train_2210.jpg,none
train_2211.jpg,good
train_2212.jpg,good
train_2213.jpg,good
train_2214.jpg,good
train_2215.jpg,good
train_2216.jpg,none
train_2217.jpg,good
train_2218.jpg,good
train_2219.jpg,good
train_2220.jpg,good
train_2221.jpg,good
train_2222.jpg,good
train_2223.jpg,good
train_2224.jpg,good
train_2225.jpg,good
train_2226.jpg,good
train_2227.jpg,good
train_2228.jpg,good
train_2229.jpg,none
train_2230.jpg,good
train_2231.jpg,good
train_2232.jpg,good
train_2233.jpg,bad
train_2234.jpg,good
train_2235.jpg,good
train_2236.jpg,good
train_2237.jpg,good
train_2238.jpg,good
train_2239.jpg,good
train_2240.jpg,good
train_2241.jpg,good
train_2242.jpg,good
train_2243.jpg,good
train_2244.jpg,good
train_2245.jpg,good
train_2246.jpg,good
train_2247.jpg,good
train_2248.jpg,good
train_2249.jpg,bad
train_2250.jpg,good
train_2251.jpg,good
train_2252.jpg,good
train_2253.jpg,good
train_2254.jpg,good
train_2255.jpg,good
train_2256.jpg,good
train_2257.jpg,none
train_2258.jpg,good
train_2259.jpg,good
train_2260.jpg,bad
train_2261.jpg,bad
train_2262.jpg,bad
train_2263.jpg,bad
train_2264.jpg,bad
train_2265.jpg,bad
train_2266.jpg,bad
train_2267.jpg,good
train_2268.jpg,good
train_2269.jpg,good
train_2270.jpg,good
train_2271.jpg,bad
train_2272.jpg,good
train_2273.jpg,good
train_2274.jpg,good
train_2275.jpg,good
train_2276.jpg,good
train_2277.jpg,none
train_2278.jpg,none
train_2279.jpg,good
train_2280.jpg,good
train_2281.jpg,good
train_2282.jpg,good
train_2283.jpg,good
train_2284.jpg,good
train_2285.jpg,good
train_2286.jpg,good
train_2287.jpg,good
train_2288.jpg,good
train_2289.jpg,good
train_2290.jpg,good
train_2291.jpg,good
train_2292.jpg,good
train_2293.jpg,good
train_2294.jpg,good
train_2295.jpg,good
train_2296.jpg,good
train_2297.jpg,good
train_2298.jpg,good
train_2299.jpg,good
train_2300.jpg,good
train_2301.jpg,good
train_2302.jpg,good
train_2303.jpg,good
train_2304.jpg,good
train_2305.jpg,good
train_2306.jpg,good
train_2307.jpg,good
train_2308.jpg,good
train_2309.jpg,good
train_2310.jpg,good
train_2311.jpg,none
train_2312.jpg,good
train_2313.jpg,bad
train_2314.jpg,bad
train_2315.jpg,good
train_2316.jpg,good
train_2317.jpg,none
train_2318.jpg,bad
train_2319.jpg,good
train_2320.jpg,good
train_2321.jpg,bad
train_2322.jpg,good
train_2323.jpg,good
train_2324.jpg,good
train_2325.jpg,good
train_2326.jpg,good
train_2327.jpg,good
train_2328.jpg,good
train_2329.jpg,good
train_2330.jpg,good
train_2331.jpg,good
train_2332.jpg,good
train_2333.jpg,good
train_2334.jpg,good
train_2335.jpg,good
train_2336.jpg,good
train_2337.jpg,good
train_2338.jpg,good
train_2339.jpg,none
train_2340.jpg,good
train_2341.jpg,good
train_2342.jpg,good
train_2343.jpg,good
train_2344.jpg,good
train_2345.jpg,good
train_2346.jpg,good
train_2347.jpg,good
train_2348.jpg,good
train_2349.jpg,good
train_2350.jpg,good
train_2351.jpg,good
train_2352.jpg,good
train_2353.jpg,good
train_2354.jpg,bad
train_2355.jpg,bad
train_2356.jpg,bad
train_2357.jpg,bad
train_2358.jpg,bad
train_2359.jpg,bad
train_2360.jpg,bad
train_2361.jpg,bad
train_2362.jpg,bad
train_2363.jpg,bad
train_2364.jpg,bad
train_2365.jpg,good
train_2366.jpg,good
train_2367.jpg,good
train_2368.jpg,good
train_2369.jpg,good
train_2370.jpg,bad
train_2371.jpg,bad
train_2372.jpg,good
train_2373.jpg,good
train_2374.jpg,good
train_2375.jpg,good
train_2376.jpg,good
train_2377.jpg,good
train_2378.jpg,good
train_2379.jpg,good
train_2380.jpg,none
train_2381.jpg,good
train_2382.jpg,good
train_2383.jpg,good
train_2384.jpg,good
train_2385.jpg,good
train_2386.jpg,good
train_2387.jpg,good
train_2388.jpg,good
train_2389.jpg,good
train_2390.jpg,good
train_2391.jpg,good
train_2392.jpg,good
train_2393.jpg,good
train_2394.jpg,good
train_2395.jpg,good
train_2396.jpg,good
train_2397.jpg,good
train_2398.jpg,bad
train_2399.jpg,bad
train_2400.jpg,good
train_2401.jpg,good
train_2402.jpg,good
train_2403.jpg,good
train_2404.jpg,good
train_2405.jpg,good
train_2406.jpg,bad
train_2407.jpg,good
train_2408.jpg,bad
train_2409.jpg,bad
train_2410.jpg,good
train_2411.jpg,good
train_2412.jpg,good
train_2413.jpg,good
train_2414.jpg,bad
train_2415.jpg,bad
train_2416.jpg,good
train_2417.jpg,good
train_2418.jpg,good
train_2419.jpg,good
train_2420.jpg,good
train_2421.jpg,good
train_2422.jpg,bad
train_2423.jpg,none
train_2424.jpg,good
train_2425.jpg,good
train_2426.jpg,bad
train_2427.jpg,good
train_2428.jpg,good
train_2429.jpg,good
train_2430.jpg,good
train_2431.jpg,good
train_2432.jpg,good
train_2433.jpg,good
train_2434.jpg,bad
train_2435.jpg,good
train_2436.jpg,good
train_2437.jpg,good
train_2438.jpg,good
train_2439.jpg,good
train_2440.jpg,good
train_2441.jpg,none
train_2442.jpg,good
train_2443.jpg,bad
train_2444.jpg,good
train_2445.jpg,good
train_2446.jpg,good
train_2447.jpg,bad
train_2448.jpg,good
train_2449.jpg,good
train_2450.jpg,good
train_2451.jpg,none
train_2452.jpg,good
train_2453.jpg,good
train_2454.jpg,good
train_2455.jpg,good
train_2456.jpg,good
train_2457.jpg,good
train_2458.jpg,good
train_2459.jpg,good
train_2460.jpg,good
train_2461.jpg,good
train_2462.jpg,good
train_2463.jpg,good
train_2464.jpg,good
train_2465.jpg,good
train_2466.jpg,good
train_2467.jpg,good
train_2468.jpg,good
train_2469.jpg,bad
train_2470.jpg,good
train_2471.jpg,good
train_2472.jpg,good
train_2473.jpg,good
train_2474.jpg,bad
train_2475.jpg,good
train_2476.jpg,good
train_2477.jpg,good
train_2478.jpg,good
train_2479.jpg,good
train_2480.jpg,good
train_2481.jpg,good
train_2482.jpg,good
train_2483.jpg,good
train_2484.jpg,good
train_2485.jpg,good
train_2486.jpg,good
train_2487.jpg,good
train_2488.jpg,good
train_2489.jpg,good
train_2490.jpg,good
train_2491.jpg,good
train_2492.jpg,good
train_2493.jpg,good
train_2494.jpg,bad
train_2495.jpg,bad
train_2496.jpg,good
train_2497.jpg,good
train_2498.jpg,bad
train_2499.jpg,good
train_2500.jpg,good
train_2501.jpg,good
train_2502.jpg,good
train_2503.jpg,good
train_2504.jpg,good
train_2505.jpg,good
train_2506.jpg,good
train_2507.jpg,good
train_2508.jpg,good
train_2509.jpg,good
train_2510.jpg,good
train_2511.jpg,good
train_2512.jpg,good
train_2513.jpg,good
train_2514.jpg,good
train_2515.jpg,bad
train_2516.jpg,good
train_2517.jpg,good
train_2518.jpg,good
train_2519.jpg,good
train_2520.jpg,good
train_2521.jpg,good
train_2522.jpg,good
train_2523.jpg,good
train_2524.jpg,bad
train_2525.jpg,good
train_2526.jpg,good
train_2527.jpg,good
train_2528.jpg,bad
train_2529.jpg,good
train_2530.jpg,good
train_2531.jpg,good
train_2532.jpg,good
train_2533.jpg,good
train_2534.jpg,good
train_2535.jpg,bad
train_2536.jpg,good
train_2537.jpg,good
train_2538.jpg,good
train_2539.jpg,good
train_2540.jpg,good
train_2541.jpg,good
train_2542.jpg,good
train_2543.jpg,good
train_2544.jpg,good
train_2545.jpg,good
train_2546.jpg,good
train_2547.jpg,none
train_2548.jpg,bad
train_2549.jpg,bad
train_2550.jpg,bad
train_2551.jpg,good
train_2552.jpg,good
train_2553.jpg,good
train_2554.jpg,good
train_2555.jpg,good
train_2556.jpg,good
train_2557.jpg,good
train_2558.jpg,bad
train_2559.jpg,bad
train_2560.jpg,bad
train_2561.jpg,good
train_2562.jpg,good
train_2563.jpg,good
train_2564.jpg,good
train_2565.jpg,bad
train_2566.jpg,good
train_2567.jpg,bad
train_2568.jpg,good
train_2569.jpg,good
train_2570.jpg,bad
train_2571.jpg,good
train_2572.jpg,good
train_2573.jpg,good
train_2574.jpg,good
train_2575.jpg,bad
train_2576.jpg,good
train_2577.jpg,good
train_2578.jpg,good
train_2579.jpg,good
train_2580.jpg,good
train_2581.jpg,good
train_2582.jpg,good
train_2583.jpg,good
train_2584.jpg,good
train_2585.jpg,good
train_2586.jpg,good
train_2587.jpg,good
train_2588.jpg,bad
train_2589.jpg,bad
train_2590.jpg,good
train_2591.jpg,bad
train_2592.jpg,good
train_2593.jpg,good
train_2594.jpg,bad
train_2595.jpg,good
train_2596.jpg,good
train_2597.jpg,good
train_2598.jpg,good
train_2599.jpg,good
train_2600.jpg,good
train_2601.jpg,good
train_2602.jpg,good
train_2603.jpg,good
train_2604.jpg,good
train_2605.jpg,good
train_2606.jpg,bad
train_2607.jpg,good
train_2608.jpg,good
train_2609.jpg,none
train_2610.jpg,bad
train_2611.jpg,good
train_2612.jpg,good
train_2613.jpg,good
train_2614.jpg,good
train_2615.jpg,good
train_2616.jpg,good
train_2617.jpg,good
train_2618.jpg,good
train_2619.jpg,good
train_2620.jpg,good
train_2621.jpg,good
train_2622.jpg,good
train_2623.jpg,bad
train_2624.jpg,good
train_2625.jpg,good
train_2626.jpg,good
train_2627.jpg,good
train_2628.jpg,good
train_2629.jpg,good
train_2630.jpg,good
train_2631.jpg,good
train_2632.jpg,good
train_2633.jpg,good
train_2634.jpg,good
train_2635.jpg,good
train_2636.jpg,good
train_2637.jpg,good
train_2638.jpg,good
train_2639.jpg,good
train_2640.jpg,good
train_2641.jpg,good
train_2642.jpg,good
train_2643.jpg,good
train_2644.jpg,good
train_2645.jpg,good
train_2646.jpg,good
train_2647.jpg,bad
train_2648.jpg,good
train_2649.jpg,good
train_2650.jpg,good
train_2651.jpg,good
train_2652.jpg,good
train_2653.jpg,good
train_2654.jpg,good
train_2655.jpg,good
train_2656.jpg,good
train_2657.jpg,good
train_2658.jpg,good
train_2659.jpg,good
train_2660.jpg,good
train_2661.jpg,good
train_2662.jpg,good
train_2663.jpg,good
train_2664.jpg,good
train_2665.jpg,good
train_2666.jpg,good
train_2667.jpg,good
train_2668.jpg,good
train_2669.jpg,good
train_2670.jpg,good
train_2671.jpg,good
train_2672.jpg,good
train_2673.jpg,good
train_2674.jpg,good
train_2675.jpg,none
train_2676.jpg,good
train_2677.jpg,good
train_2678.jpg,bad
train_2679.jpg,bad
train_2680.jpg,bad
train_2681.jpg,bad
train_2682.jpg,bad
train_2683.jpg,good
train_2684.jpg,good
train_2685.jpg,good
train_2686.jpg,good
train_2687.jpg,good
train_2688.jpg,good
train_2689.jpg,good
train_2690.jpg,bad
train_2691.jpg,good
train_2692.jpg,good
train_2693.jpg,good
train_2694.jpg,good
train_2695.jpg,good
train_2696.jpg,good
train_2697.jpg,good
train_2698.jpg,good
train_2699.jpg,bad
train_2700.jpg,good
train_2701.jpg,good
train_2702.jpg,good
train_2703.jpg,good
train_2704.jpg,none
train_2705.jpg,bad
train_2706.jpg,good
train_2707.jpg,good
train_2708.jpg,good
train_2709.jpg,good
train_2710.jpg,good
train_2711.jpg,good
train_2712.jpg,good
train_2713.jpg,good
train_2714.jpg,good
train_2715.jpg,good
train_2716.jpg,good
train_2717.jpg,good
train_2718.jpg,good
train_2719.jpg,good
train_2720.jpg,good
train_2721.jpg,good
train_2722.jpg,good
train_2723.jpg,good
train_2724.jpg,good
train_2725.jpg,good
train_2726.jpg,good
train_2727.jpg,good
train_2728.jpg,good
train_2729.jpg,bad
train_2730.jpg,bad
train_2731.jpg,good
train_2732.jpg,bad
train_2733.jpg,bad
train_2734.jpg,bad
train_2735.jpg,bad
train_2736.jpg,good
train_2737.jpg,good
train_2738.jpg,good
train_2739.jpg,good
train_2740.jpg,good
train_2741.jpg,good
train_2742.jpg,good
train_2743.jpg,good
train_2744.jpg,good
train_2745.jpg,good
train_2746.jpg,good
train_2747.jpg,good
train_2748.jpg,none
train_2749.jpg,good
train_2750.jpg,good
train_2751.jpg,good
train_2752.jpg,good
train_2753.jpg,good
train_2754.jpg,good
train_2755.jpg,good
train_2756.jpg,good
train_2757.jpg,good
train_2758.jpg,good
train_2759.jpg,good
train_2760.jpg,good
train_2761.jpg,good
train_2762.jpg,good
train_2763.jpg,good
train_2764.jpg,good
train_2765.jpg,good
train_2766.jpg,good
train_2767.jpg,good
train_2768.jpg,good
train_2769.jpg,good
train_2770.jpg,good
train_2771.jpg,good
train_2772.jpg,good
train_2773.jpg,good
train_2774.jpg,good
train_2775.jpg,good
train_2776.jpg,good
train_2777.jpg,good
train_2778.jpg,good
train_2779.jpg,good
train_2780.jpg,good
train_2781.jpg,good
train_2782.jpg,good
train_2783.jpg,good
train_2784.jpg,good
train_2785.jpg,good
train_2786.jpg,good
train_2787.jpg,good
train_2788.jpg,good
train_2789.jpg,good
train_2790.jpg,good
train_2791.jpg,good
train_2792.jpg,good
train_2793.jpg,good
train_2794.jpg,good
train_2795.jpg,good
train_2796.jpg,good
train_2797.jpg,good
train_2798.jpg,good
train_2799.jpg,good
train_2800.jpg,good
train_2801.jpg,good
train_2802.jpg,good
train_2803.jpg,good
train_2804.jpg,bad
train_2805.jpg,good
train_2806.jpg,good
train_2807.jpg,good
train_2808.jpg,good
train_2809.jpg,good
train_2810.jpg,good
train_2811.jpg,bad
train_2812.jpg,bad
train_2813.jpg,bad
train_2814.jpg,bad
train_2815.jpg,bad
train_2816.jpg,bad
train_2817.jpg,bad
train_2818.jpg,good
train_2819.jpg,good
train_2820.jpg,bad
train_2821.jpg,good
train_2822.jpg,good
train_2823.jpg,good
train_2824.jpg,bad
train_2825.jpg,good
train_2826.jpg,good
train_2827.jpg,good
train_2828.jpg,good
train_2829.jpg,good
train_2830.jpg,good
train_2831.jpg,good
train_2832.jpg,good
train_2833.jpg,good
train_2834.jpg,good
train_2835.jpg,good
train_2836.jpg,good
train_2837.jpg,good
train_2838.jpg,good
train_2839.jpg,good
train_2840.jpg,good
train_2841.jpg,good
train_2842.jpg,good
train_2843.jpg,good
train_2844.jpg,good
train_2845.jpg,bad
train_2846.jpg,good
train_2847.jpg,good
train_2848.jpg,good
train_2849.jpg,good
train_2850.jpg,good
train_2851.jpg,good
train_2852.jpg,good
train_2853.jpg,good
train_2854.jpg,good
train_2855.jpg,good
train_2856.jpg,good
train_2857.jpg,good
train_2858.jpg,good
train_2859.jpg,good
train_2860.jpg,good
train_2861.jpg,good
train_2862.jpg,good
train_2863.jpg,good
train_2864.jpg,good
train_2865.jpg,good
train_2866.jpg,good
train_2867.jpg,good
train_2868.jpg,good
train_2869.jpg,good
train_2870.jpg,good
train_2871.jpg,good
train_2872.jpg,good
train_2873.jpg,good
train_2874.jpg,good
train_2875.jpg,good
train_2876.jpg,good
train_2877.jpg,good
train_2878.jpg,good
train_2879.jpg,good
train_2880.jpg,good
train_2881.jpg,good
train_2882.jpg,good
train_2883.jpg,none
train_2884.jpg,good
train_2885.jpg,good
train_2886.jpg,good
train_2887.jpg,good
train_2888.jpg,good
train_2889.jpg,good
train_2890.jpg,good
train_2891.jpg,good
train_2892.jpg,good
train_2893.jpg,good
train_2894.jpg,good
train_2895.jpg,good
train_2896.jpg,good
train_2897.jpg,good
train_2898.jpg,good
train_2899.jpg,good
train_2900.jpg,bad
train_2901.jpg,good
train_2902.jpg,good
train_2903.jpg,bad
train_2904.jpg,good
train_2905.jpg,bad
train_2906.jpg,good
train_2907.jpg,good
train_2908.jpg,good
train_2909.jpg,good
train_2910.jpg,good
train_2911.jpg,good
train_2912.jpg,good
train_2913.jpg,bad
train_2914.jpg,good
train_2915.jpg,good
train_2916.jpg,good
train_2917.jpg,good
train_2918.jpg,good
train_2919.jpg,good
train_2920.jpg,bad
train_2921.jpg,good
train_2922.jpg,good
train_2923.jpg,good
train_2924.jpg,good
train_2925.jpg,good
train_2926.jpg,good
train_2927.jpg,good
train_2928.jpg,good
train_2929.jpg,good
train_2930.jpg,good
train_2931.jpg,good
train_2932.jpg,good
train_2933.jpg,good
train_2934.jpg,good
train_2935.jpg,good
train_2936.jpg,good
train_2937.jpg,good
train_2938.jpg,good
train_2939.jpg,good
train_2940.jpg,good
train_2941.jpg,good
train_2942.jpg,good
train_2943.jpg,good
train_2944.jpg,good
train_2945.jpg,good
train_2946.jpg,good
train_2947.jpg,good
train_2948.jpg,good
train_2949.jpg,good
train_2950.jpg,good
train_2951.jpg,good
train_2952.jpg,good
train_2953.jpg,good
train_2954.jpg,good
train_2955.jpg,good
train_2956.jpg,good
train_2957.jpg,good
train_2958.jpg,good
train_2959.jpg,good
train_2960.jpg,good
train_2961.jpg,good
train_2962.jpg,good
train_2963.jpg,good
train_2964.jpg,good
train_2965.jpg,bad
train_2966.jpg,good
train_2967.jpg,good
train_2968.jpg,good
train_2969.jpg,good
train_2970.jpg,good
train_2971.jpg,good
train_2972.jpg,good
train_2973.jpg,good
train_2974.jpg,good
train_2975.jpg,good
train_2976.jpg,good
train_2977.jpg,good
train_2978.jpg,good
train_2979.jpg,good
train_2980.jpg,good
train_2981.jpg,good
train_2982.jpg,bad
train_2983.jpg,good
train_2984.jpg,good
train_2985.jpg,good
train_2986.jpg,good
train_2987.jpg,good
train_2988.jpg,good
train_2989.jpg,good
train_2990.jpg,good
train_2991.jpg,good
train_2992.jpg,good
train_2993.jpg,good
train_2994.jpg,bad
train_2995.jpg,bad
train_2996.jpg,good
train_2997.jpg,good
train_2998.jpg,none
train_2999.jpg,good
train_3000.jpg,none
train_3001.jpg,good
train_3002.jpg,good
train_3003.jpg,good
train_3004.jpg,good
train_3005.jpg,good
train_3006.jpg,good
train_3007.jpg,good
train_3008.jpg,good
train_3009.jpg,good
train_3010.jpg,bad
train_3011.jpg,good
train_3012.jpg,good
train_3013.jpg,good
train_3014.jpg,good
train_3015.jpg,bad
train_3016.jpg,bad
train_3017.jpg,good
train_3018.jpg,good
train_3019.jpg,good
train_3020.jpg,good
train_3021.jpg,good
train_3022.jpg,bad
train_3023.jpg,none
train_3024.jpg,good
train_3025.jpg,bad
train_3026.jpg,good
train_3027.jpg,bad
train_3028.jpg,good
train_3029.jpg,good
train_3030.jpg,bad
train_3031.jpg,good
train_3032.jpg,good
train_3033.jpg,good
train_3034.jpg,good
train_3035.jpg,good
train_3036.jpg,good
train_3037.jpg,good
train_3038.jpg,bad
train_3039.jpg,good
train_3040.jpg,good
train_3041.jpg,good
train_3042.jpg,good
train_3043.jpg,good
train_3044.jpg,good
train_3045.jpg,good
train_3046.jpg,good
train_3047.jpg,good
train_3048.jpg,good
train_3049.jpg,good
train_3050.jpg,good
train_3051.jpg,good
train_3052.jpg,good
train_3053.jpg,good
train_3054.jpg,good
train_3055.jpg,good
train_3056.jpg,good
train_3057.jpg,good
train_3058.jpg,good
train_3059.jpg,good
train_3060.jpg,good
train_3061.jpg,good
train_3062.jpg,good
train_3063.jpg,good
train_3064.jpg,good
train_3065.jpg,good
train_3066.jpg,good
train_3067.jpg,good
train_3068.jpg,good
train_3069.jpg,good
train_3070.jpg,good
train_3071.jpg,none
train_3072.jpg,none
train_3073.jpg,none
train_3074.jpg,bad
train_3075.jpg,bad
train_3076.jpg,good
train_3077.jpg,good
train_3078.jpg,good
train_3079.jpg,good
train_3080.jpg,good
train_3081.jpg,good
train_3082.jpg,good
train_3083.jpg,bad
train_3084.jpg,good
train_3085.jpg,bad
train_3086.jpg,bad
train_3087.jpg,bad
train_3088.jpg,good
train_3089.jpg,good
train_3090.jpg,bad
train_3091.jpg,bad
train_3092.jpg,good
train_3093.jpg,good
train_3094.jpg,good
train_3095.jpg,good
train_3096.jpg,good
train_3097.jpg,good
train_3098.jpg,good
train_3099.jpg,good
train_3100.jpg,good
train_3101.jpg,good
train_3102.jpg,good
train_3103.jpg,good
train_3104.jpg,good
train_3105.jpg,good
train_3106.jpg,good
train_3107.jpg,good
train_3108.jpg,good
train_3109.jpg,good
train_3110.jpg,good
train_3111.jpg,good
train_3112.jpg,bad
train_3113.jpg,good
train_3114.jpg,bad
train_3115.jpg,bad
train_3116.jpg,good
train_3117.jpg,good
train_3118.jpg,good
train_3119.jpg,good
train_3120.jpg,good
train_3121.jpg,good
train_3122.jpg,good
train_3123.jpg,good
train_3124.jpg,bad
train_3125.jpg,bad
train_3126.jpg,good
train_3127.jpg,bad
train_3128.jpg,good
train_3129.jpg,good
train_3130.jpg,good
train_3131.jpg,none
train_3132.jpg,good
train_3133.jpg,good
train_3134.jpg,good
train_3135.jpg,good
train_3136.jpg,good
train_3137.jpg,good
train_3138.jpg,good
train_3139.jpg,good
train_3140.jpg,good
train_3141.jpg,good
train_3142.jpg,good
train_3143.jpg,good
train_3144.jpg,good
train_3145.jpg,bad
train_3146.jpg,good
train_3147.jpg,good
train_3148.jpg,none
train_3149.jpg,bad
train_3150.jpg,bad
train_3151.jpg,bad
train_3152.jpg,bad
train_3153.jpg,bad
train_3154.jpg,bad
train_3155.jpg,bad
train_3156.jpg,bad
train_3157.jpg,bad
train_3158.jpg,bad
train_3159.jpg,bad
train_3160.jpg,bad
train_3161.jpg,bad
train_3162.jpg,bad
train_3163.jpg,bad
train_3164.jpg,good
train_3165.jpg,good
train_3166.jpg,bad
train_3167.jpg,bad
train_3168.jpg,good
train_3169.jpg,bad
train_3170.jpg,bad
train_3171.jpg,bad
train_3172.jpg,bad
train_3173.jpg,bad
train_3174.jpg,bad
train_3175.jpg,bad
train_3176.jpg,bad
train_3177.jpg,good
train_3178.jpg,bad
train_3179.jpg,bad
train_3180.jpg,bad
train_3181.jpg,bad
train_3182.jpg,bad
train_3183.jpg,bad
train_3184.jpg,bad
train_3185.jpg,bad
train_3186.jpg,bad
train_3187.jpg,bad
train_3188.jpg,bad
train_3189.jpg,bad
train_3190.jpg,bad
train_3191.jpg,bad
train_3192.jpg,bad
train_3193.jpg,bad
train_3194.jpg,bad
train_3195.jpg,bad
train_3196.jpg,bad
train_3197.jpg,bad
train_3198.jpg,bad
train_3199.jpg,bad
train_3200.jpg,bad
train_3201.jpg,bad
train_3202.jpg,bad
train_3203.jpg,bad
train_3204.jpg,bad
train_3205.jpg,bad
train_3206.jpg,bad
train_3207.jpg,bad
train_3208.jpg,bad
train_3209.jpg,bad
train_3210.jpg,good
train_3211.jpg,good
train_3212.jpg,good
train_3213.jpg,bad
train_3214.jpg,bad
train_3215.jpg,bad
train_3216.jpg,bad
train_3217.jpg,bad
train_3218.jpg,bad
train_3219.jpg,bad
train_3220.jpg,bad
train_3221.jpg,good
train_3222.jpg,bad
train_3223.jpg,bad
train_3224.jpg,bad
train_3225.jpg,bad
train_3226.jpg,bad
train_3227.jpg,good
train_3228.jpg,good
train_3229.jpg,good
train_3230.jpg,good
train_3231.jpg,good
train_3232.jpg,good
train_3233.jpg,good
train_3234.jpg,bad
train_3235.jpg,bad
train_3236.jpg,good
train_3237.jpg,good
train_3238.jpg,good
train_3239.jpg,good
train_3240.jpg,good
train_3241.jpg,good
train_3242.jpg,good
train_3243.jpg,good
train_3244.jpg,good
train_3245.jpg,good
train_3246.jpg,good
train_3247.jpg,good
train_3248.jpg,good
train_3249.jpg,good
train_3250.jpg,good
train_3251.jpg,good
train_3252.jpg,good
train_3253.jpg,good
train_3254.jpg,good
train_3255.jpg,good
train_3256.jpg,good
train_3257.jpg,good
train_3258.jpg,good
train_3259.jpg,good
train_3260.jpg,good
train_3261.jpg,good
train_3262.jpg,good
train_3263.jpg,good
train_3264.jpg,good
train_3265.jpg,good
train_3266.jpg,good
train_3267.jpg,good
train_3268.jpg,good
train_3269.jpg,good
train_3270.jpg,good
train_3271.jpg,good
train_3272.jpg,good
train_3273.jpg,good
train_3274.jpg,good
train_3275.jpg,good
train_3276.jpg,good
train_3277.jpg,good
train_3278.jpg,good
train_3279.jpg,bad
train_3280.jpg,bad
train_3281.jpg,good
train_3282.jpg,good
train_3283.jpg,good
train_3284.jpg,good
train_3285.jpg,good
train_3286.jpg,good
train_3287.jpg,good
train_3288.jpg,good
train_3289.jpg,good
train_3290.jpg,good
train_3291.jpg,good
train_3292.jpg,good
train_3293.jpg,good
train_3294.jpg,good
train_3295.jpg,bad
train_3296.jpg,bad
train_3297.jpg,bad
train_3298.jpg,good
train_3299.jpg,good
train_3300.jpg,good
train_3301.jpg,bad
train_3302.jpg,good
train_3303.jpg,good
train_3304.jpg,good
train_3305.jpg,good
train_3306.jpg,bad
train_3307.jpg,good
train_3308.jpg,good
train_3309.jpg,good
train_3310.jpg,good
train_3311.jpg,good
train_3312.jpg,good
train_3313.jpg,good
train_3314.jpg,good
train_3315.jpg,good
train_3316.jpg,good
train_3317.jpg,good
train_3318.jpg,good
train_3319.jpg,good
train_3320.jpg,good
train_3321.jpg,good
train_3322.jpg,good
train_3323.jpg,good
train_3324.jpg,good
train_3325.jpg,good
train_3326.jpg,bad
train_3327.jpg,bad
train_3328.jpg,good
train_3329.jpg,good
train_3330.jpg,good
train_3331.jpg,good
train_3332.jpg,good
train_3333.jpg,good
train_3334.jpg,good
train_3335.jpg,good
train_3336.jpg,bad
train_3337.jpg,bad
train_3338.jpg,good
train_3339.jpg,good
train_3340.jpg,good
train_3341.jpg,good
train_3342.jpg,good
train_3343.jpg,good
train_3344.jpg,good
train_3345.jpg,good
train_3346.jpg,good
train_3347.jpg,good
train_3348.jpg,good
train_3349.jpg,good
train_3350.jpg,good
train_3351.jpg,good
train_3352.jpg,good
train_3353.jpg,good
train_3354.jpg,good
train_3355.jpg,good
train_3356.jpg,good
train_3357.jpg,good
train_3358.jpg,good
train_3359.jpg,good
train_3360.jpg,good
train_3361.jpg,good
train_3362.jpg,good
train_3363.jpg,good
train_3364.jpg,bad
train_3365.jpg,bad
train_3366.jpg,good
train_3367.jpg,good
train_3368.jpg,bad
train_3369.jpg,none
train_3370.jpg,good
train_3371.jpg,good
train_3372.jpg,bad
train_3373.jpg,bad
train_3374.jpg,good
train_3375.jpg,bad
train_3376.jpg,bad
train_3377.jpg,bad
train_3378.jpg,bad
train_3379.jpg,good
train_3380.jpg,good
train_3381.jpg,good
train_3382.jpg,good
train_3383.jpg,good
train_3384.jpg,good
train_3385.jpg,good
train_3386.jpg,good
train_3387.jpg,good
train_3388.jpg,good
train_3389.jpg,bad
train_3390.jpg,none
train_3391.jpg,good
train_3392.jpg,good
train_3393.jpg,good
train_3394.jpg,none
train_3395.jpg,good
train_3396.jpg,good
train_3397.jpg,good
train_3398.jpg,bad
train_3399.jpg,bad
train_3400.jpg,bad
train_3401.jpg,good
train_3402.jpg,good
train_3403.jpg,good
train_3404.jpg,good
train_3405.jpg,good
train_3406.jpg,none
train_3407.jpg,good
train_3408.jpg,good
train_3409.jpg,bad
train_3410.jpg,good
train_3411.jpg,good
train_3412.jpg,good
train_3413.jpg,good
train_3414.jpg,good
train_3415.jpg,good
train_3416.jpg,bad
train_3417.jpg,good
train_3418.jpg,good
train_3419.jpg,good
train_3420.jpg,good
train_3421.jpg,good
train_3422.jpg,good
train_3423.jpg,good
train_3424.jpg,good
train_3425.jpg,good
train_3426.jpg,good
train_3427.jpg,good
train_3428.jpg,good
train_3429.jpg,good
train_3430.jpg,good
train_3431.jpg,good
train_3432.jpg,good
train_3433.jpg,good
train_3434.jpg,good
train_3435.jpg,good
train_3436.jpg,good
train_3437.jpg,good
train_3438.jpg,good
train_3439.jpg,good
train_3440.jpg,good
train_3441.jpg,good
train_3442.jpg,good
train_3443.jpg,good
train_3444.jpg,good
train_3445.jpg,good
train_3446.jpg,good
train_3447.jpg,good
train_3448.jpg,good
train_3449.jpg,none
train_3450.jpg,bad
train_3451.jpg,bad
train_3452.jpg,bad
train_3453.jpg,bad
train_3454.jpg,good
train_3455.jpg,good
train_3456.jpg,bad
train_3457.jpg,good
train_3458.jpg,bad
train_3459.jpg,bad
train_3460.jpg,bad
train_3461.jpg,bad
train_3462.jpg,bad
train_3463.jpg,bad
train_3464.jpg,bad
train_3465.jpg,good
train_3466.jpg,good
train_3467.jpg,good
train_3468.jpg,good
train_3469.jpg,good
train_3470.jpg,good
train_3471.jpg,good
train_3472.jpg,good
train_3473.jpg,good
train_3474.jpg,good
train_3475.jpg,good
train_3476.jpg,good
train_3477.jpg,good
train_3478.jpg,bad
train_3479.jpg,good
train_3480.jpg,good
train_3481.jpg,good
train_3482.jpg,good
train_3483.jpg,good
train_3484.jpg,good
train_3485.jpg,good
train_3486.jpg,good
train_3487.jpg,good
train_3488.jpg,good
train_3489.jpg,good
train_3490.jpg,good
train_3491.jpg,bad
train_3492.jpg,good
train_3493.jpg,bad
train_3494.jpg,good
train_3495.jpg,good
train_3496.jpg,bad
train_3497.jpg,good
train_3498.jpg,good
train_3499.jpg,good
train_3500.jpg,good
train_3501.jpg,good
train_3502.jpg,good
train_3503.jpg,good
train_3504.jpg,bad
train_3505.jpg,bad
train_3506.jpg,good
train_3507.jpg,good
train_3508.jpg,good
train_3509.jpg,good
train_3510.jpg,good
train_3511.jpg,good
train_3512.jpg,good
train_3513.jpg,good
train_3514.jpg,good
train_3515.jpg,good
train_3516.jpg,good
train_3517.jpg,good
train_3518.jpg,bad
train_3519.jpg,good
train_3520.jpg,good
train_3521.jpg,good
train_3522.jpg,good
train_3523.jpg,good
train_3524.jpg,good
train_3525.jpg,good
train_3526.jpg,good
train_3527.jpg,good
